,null_count,count,unique,top,freq,mean,min,25%,50%,75%,max,std,variance_targets
Date,0,1205,,,,2024-04-10 09:10:54.273858816,2022-09-03 00:00:00,2023-05-13 00:00:00,2024-03-30 00:00:00,2025-01-18 00:00:00,2025-12-04 00:00:00,,
HomeTeam,0,1205,25,Aston Villa,62,,,,,,,,
AwayTeam,0,1205,25,Bournemouth,62,,,,,,,,
FTHG,0,1205.0,,,,1.64149377593361,0.0,1.0,1.0,2.0,7.0,1.3291784585801816,
FTAG,0,1205.0,,,,1.3701244813278008,0.0,0.0,1.0,2.0,8.0,1.2243801338090552,
HY,0,1205.0,,,,1.7908713692946059,0.0,1.0,2.0,3.0,7.0,1.3410524159322068,
AY,0,1205.0,,,,2.1178423236514523,0.0,1.0,2.0,3.0,8.0,1.395075103076473,
HR,0,1205.0,,,,0.05975103734439834,0.0,0.0,0.0,0.0,2.0,0.2474083697478022,
AR,0,1205.0,,,,0.05726141078838174,0.0,0.0,0.0,0.0,2.0,0.2359841248665637,
HC,0,1205.0,,,,5.683817427385892,0.0,3.0,5.0,8.0,17.0,3.1396794014752833,
AC,0,1205.0,,,,4.6846473029045645,0.0,3.0,4.0,6.0,19.0,2.8903215134449725,
HO,1205,0.0,,,,,,,,,,,
AO,1205,0.0,,,,,,,,,,,
total_goals,0,1205.0,,,,3.0116182572614107,0.0,2.0,3.0,4.0,9.0,1.6838684855839565,2.835413076742807
total_cards,0,1205.0,,,,4.025726141078838,0.0,3.0,4.0,5.0,14.0,2.14897845035461,4.618108380088501
total_corners,0,1205.0,,,,10.368464730290457,2.0,8.0,10.0,13.0,21.0,3.444915563405855,11.867443238995879
total_offsides,0,1205.0,,,,0.0,0.0,0.0,0.0,0.0,0.0,0.0,0.0
home_avg_goals,0,1205.0,,,,1.4934439834024897,0.0,1.0,1.4,1.8,4.8,0.6724763377309566,
home_avg_cards,0,1205.0,,,,2.0366804979253113,0.2,1.6,2.0,2.4,4.4,0.6951294257890098,
home_avg_corners,0,1205.0,,,,5.157842323651452,1.4,4.0,5.0,6.2,10.8,1.5663239626106782,
home_avg_offsides,0,1205.0,,,,0.0,0.0,0.0,0.0,0.0,0.0,0.0,
away_avg_goals,0,1205.0,,,,1.5176763485477176,0.0,1.0,1.4,2.0,4.6,0.6684100573729326,
away_avg_cards,0,1205.0,,,,1.9953526970954358,0.0,1.6,2.0,2.4,4.6,0.6973454502586628,
away_avg_corners,0,1205.0,,,,5.241659751037345,1.6,4.0,5.2,6.2,10.8,1.576601300755244,
away_avg_offsides,0,1205.0,,,,0.0,0.0,0.0,0.0,0.0,0.0,0.0,
home_is_Arsenal,0,1205.0,,,,0.05062240663900415,0.0,0.0,0.0,0.0,1.0,0.21931642743921767,
away_is_Arsenal,0,1205.0,,,,0.051452282157676346,0.0,0.0,0.0,0.0,1.0,0.22101013661571514,
home_is_Aston Villa,0,1205.0,,,,0.051452282157676346,0.0,0.0,0.0,0.0,1.0,0.22101013661571514,
away_is_Aston Villa,0,1205.0,,,,0.04896265560165975,0.0,0.0,0.0,0.0,1.0,0.21587957167834332,
home_is_Bournemouth,0,1205.0,,,,0.05062240663900415,0.0,0.0,0.0,0.0,1.0,0.21931642743921764,
away_is_Bournemouth,0,1205.0,,,,0.051452282157676346,0.0,0.0,0.0,0.0,1.0,0.2210101366157151,
home_is_Brentford,0,1205.0,,,,0.051452282157676346,0.0,0.0,0.0,0.0,1.0,0.2210101366157151,
away_is_Brentford,0,1205.0,,,,0.04979253112033195,0.0,0.0,0.0,0.0,1.0,0.2176063686378325,
home_is_Brighton,0,1205.0,,,,0.04979253112033195,0.0,0.0,0.0,0.0,1.0,0.2176063686378325,
away_is_Brighton,0,1205.0,,,,0.05062240663900415,0.0,0.0,0.0,0.0,1.0,0.21931642743921764,
home_is_Burnley,0,1205.0,,,,0.017427385892116183,0.0,0.0,0.0,0.0,1.0,0.1309117811051177,
away_is_Burnley,0,1205.0,,,,0.02074688796680498,0.0,0.0,0.0,0.0,1.0,0.14259498146228985,
home_is_Chelsea,0,1205.0,,,,0.05062240663900415,0.0,0.0,0.0,0.0,1.0,0.21931642743921764,
away_is_Chelsea,0,1205.0,,,,0.05062240663900415,0.0,0.0,0.0,0.0,1.0,0.21931642743921764,
home_is_Crystal Palace,0,1205.0,,,,0.04979253112033195,0.0,0.0,0.0,0.0,1.0,0.2176063686378325,
away_is_Crystal Palace,0,1205.0,,,,0.05062240663900415,0.0,0.0,0.0,0.0,1.0,0.21931642743921764,
home_is_Everton,0,1205.0,,,,0.051452282157676346,0.0,0.0,0.0,0.0,1.0,0.2210101366157151,
away_is_Everton,0,1205.0,,,,0.04979253112033195,0.0,0.0,0.0,0.0,1.0,0.2176063686378325,
home_is_Fulham,0,1205.0,,,,0.04979253112033195,0.0,0.0,0.0,0.0,1.0,0.2176063686378325,
away_is_Fulham,0,1205.0,,,,0.05062240663900415,0.0,0.0,0.0,0.0,1.0,0.21931642743921764,
home_is_Ipswich,0,1205.0,,,,0.014107883817427386,0.0,0.0,0.0,0.0,1.0,0.11798476017607988,
away_is_Ipswich,0,1205.0,,,,0.013278008298755186,0.0,0.0,0.0,0.0,1.0,0.1145101943379956,
home_is_Leeds,0,1205.0,,,,0.019087136929460582,0.0,0.0,0.0,0.0,1.0,0.13688816109034538,
away_is_Leeds,0,1205.0,,,,0.01991701244813278,0.0,0.0,0.0,0.0,1.0,0.13977316608650078,
home_is_Leicester,0,1205.0,,,,0.029045643153526972,0.0,0.0,0.0,0.0,1.0,0.16800421825117418,
away_is_Leicester,0,1205.0,,,,0.02987551867219917,0.0,0.0,0.0,0.0,1.0,0.17031454515746264,
home_is_Liverpool,0,1205.0,,,,0.05062240663900415,0.0,0.0,0.0,0.0,1.0,0.21931642743921764,
away_is_Liverpool,0,1205.0,,,,0.05062240663900415,0.0,0.0,0.0,0.0,1.0,0.21931642743921764,
home_is_Luton,0,1205.0,,,,0.014107883817427386,0.0,0.0,0.0,0.0,1.0,0.11798476017607988,
away_is_Luton,0,1205.0,,,,0.013278008298755186,0.0,0.0,0.0,0.0,1.0,0.11451019433799559,
home_is_Man City,0,1205.0,,,,0.04979253112033195,0.0,0.0,0.0,0.0,1.0,0.2176063686378325,
away_is_Man City,0,1205.0,,,,0.04979253112033195,0.0,0.0,0.0,0.0,1.0,0.2176063686378325,
home_is_Man United,0,1205.0,,,,0.051452282157676346,0.0,0.0,0.0,0.0,1.0,0.22101013661571514,
away_is_Man United,0,1205.0,,,,0.04979253112033195,0.0,0.0,0.0,0.0,1.0,0.2176063686378325,
home_is_Newcastle,0,1205.0,,,,0.051452282157676346,0.0,0.0,0.0,0.0,1.0,0.22101013661571514,
away_is_Newcastle,0,1205.0,,,,0.05062240663900415,0.0,0.0,0.0,0.0,1.0,0.21931642743921764,
home_is_Nott'm Forest,0,1205.0,,,,0.04979253112033195,0.0,0.0,0.0,0.0,1.0,0.2176063686378325,
away_is_Nott'm Forest,0,1205.0,,,,0.05062240663900415,0.0,0.0,0.0,0.0,1.0,0.21931642743921764,
home_is_Sheffield United,0,1205.0,,,,0.013278008298755186,0.0,0.0,0.0,0.0,1.0,0.11451019433799559,
away_is_Sheffield United,0,1205.0,,,,0.014107883817427386,0.0,0.0,0.0,0.0,1.0,0.11798476017607988,
home_is_Southampton,0,1205.0,,,,0.028215767634854772,0.0,0.0,0.0,0.0,1.0,0.16565751379705373,
away_is_Southampton,0,1205.0,,,,0.02987551867219917,0.0,0.0,0.0,0.0,1.0,0.17031454515746264,
home_is_Sunderland,0,1205.0,,,,0.0033195020746887966,0.0,0.0,0.0,0.0,1.0,0.05754329578775718,
away_is_Sunderland,0,1205.0,,,,0.004149377593360996,0.0,0.0,0.0,0.0,1.0,0.06430857085756032,
home_is_Tottenham,0,1205.0,,,,0.05062240663900415,0.0,0.0,0.0,0.0,1.0,0.21931642743921764,
away_is_Tottenham,0,1205.0,,,,0.04979253112033195,0.0,0.0,0.0,0.0,1.0,0.2176063686378325,
home_is_West Ham,0,1205.0,,,,0.05062240663900415,0.0,0.0,0.0,0.0,1.0,0.21931642743921764,
away_is_West Ham,0,1205.0,,,,0.04979253112033195,0.0,0.0,0.0,0.0,1.0,0.2176063686378325,
home_is_Wolves,0,1205.0,,,,0.051452282157676346,0.0,0.0,0.0,0.0,1.0,0.2210101366157151,
away_is_Wolves,0,1205.0,,,,0.04979253112033195,0.0,0.0,0.0,0.0,1.0,0.2176063686378325,
is_weekend,0,1205.0,,,,0.7767634854771784,0.0,1.0,1.0,1.0,1.0,0.4165885196196257,
year,0,1205.0,,,,2023.7526970954357,2022.0,2023.0,2024.0,2025.0,2025.0,0.9585702490126746,
month,0,1205.0,,,,6.7941908713692944,1.0,3.0,8.0,10.0,12.0,3.8240973286280586,
home_avg_gs_5,61,1144.0,,,,1.6484265734265735,0.0,1.2,1.6,2.05,4.8,0.7157258475960137,
home_avg_gc_5,61,1144.0,,,,1.3480769230769232,0.0,0.8,1.2,1.8,4.2,0.6508328127546684,
away_avg_gs_5,64,1141.0,,,,1.3791411042944786,0.0,1.0,1.4,1.8,4.0,0.6150906068487116,
away_avg_gc_5,64,1141.0,,,,1.6241893076248903,0.0,1.2,1.6,2.0,3.8,0.6526950707330774,
rest_days_home,0,1205.0,,,,20.085477178423236,3.0,11.0,14.0,21.0,813.0,33.482059904135305,
rest_days_away,0,1205.0,,,,20.390871369294604,3.0,11.0,14.0,21.0,825.0,36.033586441191716,
h2h_avg_goals,970,235.0,,,,2.991489361702128,1.0,2.6,3.0,3.5,5.6,0.7600691003320063,
home_points,0,1205.0,,,,1.5892116182572613,0.0,0.0,1.0,3.0,3.0,1.3411639435404397,
away_points,0,1205.0,,,,1.1883817427385892,0.0,0.0,1.0,3.0,3.0,1.3074782810740488,
goal_diff,0,1205.0,,,,0.2713692946058091,-8.0,-1.0,0.0,1.0,7.0,1.9225584768471744,
home_points_5,0,1205.0,,,,1.375103734439834,0.0,0.8,1.4,1.8,3.0,0.6994380231302327,
home_points_10,61,1144.0,,,,1.3980769230769232,0.1,1.0,1.4,1.8,3.0,0.5720492924808094,
home_gd_5,0,1205.0,,,,-0.010788381742738586,-3.6,-0.8,0.0,0.6,4.4,1.040436494394649,
home_gd_10,61,1144.0,,,,0.021153846153846155,-2.6,-0.5,0.0,0.6,2.9,0.8669129858538641,
home_elo_like,0,1205.0,,,,0.8349342328584287,-0.940629884958918,0.3974674054860304,0.8167816473040507,1.2213880009874896,2.553043917364765,0.6205273006921329,
away_points_5,0,1205.0,,,,1.4174273858921163,0.0,0.8,1.4,2.0,3.0,0.7030982838534706,
away_points_10,64,1141.0,,,,1.4115687992988606,0.1,1.0,1.4,1.8,3.0,0.5750570466356459,
away_gd_5,0,1205.0,,,,0.037676348547717835,-3.0,-0.6,0.0,0.8,4.2,1.0469737649998454,
away_gd_10,64,1141.0,,,,0.03391761612620508,-2.2,-0.5,0.0,0.6,3.1,0.8618611991151922,
away_elo_like,0,1205.0,,,,0.8556126749455519,-0.8247063870291681,0.41827371437510497,0.8334391813199463,1.272954991590574,2.73753021904227,0.6330707846520129,
elo_diff,0,1205.0,,,,-0.02067844208712333,-2.817889673023858,-0.650967759815979,-0.020739333433854812,0.5666163952160489,2.544961521909335,0.8850979713280569,
points5_diff,0,1205.0,,,,-0.04232365145228216,-2.6,-0.6000000000000001,0.0,0.6000000000000001,2.8,0.9961226716074232,
gd5_diff,0,1205.0,,,,-0.048464730290456434,-5.4,-1.0,0.0,0.8000000000000003,5.2,1.4568573273380168,
